naked_key,full_skill_key
.net framework,microsoft .net framework
100 contractor,sage 100 contractor
100 erp,sage 100 erp
300 construction and real estate,sage 300 construction and real estate
35 binary ninja,vector 35 binary ninja
3d studio design,autodesk 3d studio design
3d studio viz,autodesk 3d studio viz
3ds max,autodesk 3ds max
3ds max design,autodesk 3ds max design
49g+ appraiser fee calculator,hp 49g+ appraiser fee calculator
50 accounting,sage 50 accounting
abi/inform global,proquest abi/inform global
accumulo,apache accumulo
accurint,lexisnexis accurint
acrobat,adobe acrobat
acrobat pro extended,adobe acrobat pro extended
acrobat reader,adobe acrobat reader
acrobat writer,adobe acrobat writer
actionscript,adobe actionscript
active directory,microsoft active directory
active enterprise data warehouse,teradata active enterprise data warehouse
active server pages asp,microsoft active server pages asp
activesync,microsoft activesync
activex,microsoft activex
adaptive server enterprise,sap adaptive server enterprise
adstar,ibm adstar
advanced procurement,oracle advanced procurement
after effects,adobe after effects
aggps ez-map,trimble aggps ez-map
aggps multiplane,trimble aggps multiplane
agile product lifecycle management plm,oracle agile product lifecycle management plm
air,adobe air
airflow,apache airflow
aix,ibm aix
algor simulation,autodesk algor simulation
alias automotive,autodesk alias automotive
alias design,autodesk alias design
alias surface,autodesk alias surface
aliasstudio,autodesk aliasstudio
allegro design entry capture and capture cis,cadence allegro design entry capture and capture cis
allegro pcb designer,cadence allegro pcb designer
alta 6 pro,reliasoft alta 6 pro
altiris deployment solution,symantec altiris deployment solution
americas mysap erp human capital management hcm,sap americas mysap erp human capital management hcm
analysis systems the energy analyst,thermal analysis systems the energy analyst
anatomical pathology,meditech anatomical pathology
android,google android
angular,google angular
ansos one-staff,mckesson ansos one-staff
anyconnect,cisco anyconnect
apo,sap apo
apogee building automation,siemens apogee building automation
applescript,apple applescript
appleworks,apple appleworks
application express apex,oracle application express apex
application server,oracle application server
applied discovery,lexisnexis applied discovery
aqwa,ansys aqwa
arbortext,ptc arbortext
arccatalog,esri arccatalog
arceditor,esri arceditor
arcexplorer,esri arcexplorer
arcgis,esri arcgis
arcgis (analytical or scientific feature),esri arcgis (analytical or scientific feature)
arcgis arcpy,esri arcgis arcpy
arcgis geostatistical analyst,esri arcgis geostatistical analyst
arcgis spatial analyst,esri arcgis spatial analyst
arcgis survey 123,esri arcgis survey 123
architectural desktop,autodesk architectural desktop
architectural studio,autodesk architectural studio
archive finder,proquest archive finder
arcims,esri arcims
arcinfo,esri arcinfo
arclogistics,esri arclogistics
arcpad,esri arcpad
arcsde,esri arcsde
arctoolbox,esri arctoolbox
arcview,esri arcview
arcview 3d analyst,esri arcview 3d analyst
ariba,sap ariba
artcam express,delcam artcam express
arthur knowledgebase database,jda arthur knowledgebase database
asas,ansys asas
asp.net,microsoft asp.net
asp.net core mvc,microsoft asp.net core mvc
associates mtab,gamma associates mtab
assurance,sungard assurance
audition,adobe audition
authorware,adobe authorware
autoaudit,paisley autoaudit
autocad,autodesk autocad
autocad blue sky,autodesk autocad blue sky
autocad civil 3d,autodesk autocad civil 3d
autocad design suite,autodesk autocad design suite
autocad land desktop,autodesk autocad land desktop
autocad lt,autodesk autocad lt
autocad map 3d,autodesk autocad map 3d
autocad mechanical,autodesk autocad mechanical
automated work distributor awd,csc automated work distributor awd
autonomy teamsite,hp autonomy teamsite
autoplant,bentley autoplant
avro,apache avro
aws,amazon web services aws
axapta,microsoft axapta
axs eva,bruker axs eva
axs leptos,bruker axs leptos
axs topas,bruker axs topas
azure,microsoft azure
azure data factory,microsoft azure data factory
azure devops services,microsoft azure devops services
azure sentinel,microsoft azure sentinel
bamboo,atlassian bamboo
bancware,sungard bancware
banko,lexisnexis banko
beehive,oracle beehive
behavioral health clinicals,meditech behavioral health clinicals
bex report designer,sap bex report designer
bidtrac,conest bidtrac
big data,informatica big data
bigbrother,quest bigbrother
bing,microsoft bing
biospin topspin,bruker biospin topspin
bitbucket,atlassian bitbucket
blocksim,reliasoft blocksim
blood bank,meditech blood bank
blue coat data loss prevention,symantec blue coat data loss prevention
books ngram viewer,google books ngram viewer
bpm blueprint,ibm bpm blueprint
bteq,teradata bteq
buffer maker,chemsw buffer maker
building inspection,mobile building inspection
building systems,autodesk building systems
business and customer relations management,sap business and customer relations management
business contact manager,microsoft business contact manager
business intelligence,sap business intelligence
business intelligence bi,microsoft business intelligence bi
business intelligence discoverer,oracle business intelligence discoverer
business intelligence enterprise edition,oracle business intelligence enterprise edition
business intelligence publisher,oracle business intelligence publisher
business intelligence suite,oracle business intelligence suite
business objects,sap business objects
business one,sap business one
business software ibenefits,apex business software ibenefits
business software ihr,apex business software ihr
business software systems smart feeder,farm business software systems smart feeder
businessobjects crystal reports,sap businessobjects crystal reports
businessobjects data integrator,sap businessobjects data integrator
businessobjects desktop intelligence,sap businessobjects desktop intelligence
businessworks,sage businessworks
caice visual transportation,autodesk caice visual transportation
calendar,google calendar
calibration pro,chemsw calibration pro
camera,gamma camera
canalyzer,vector canalyzer
canape,vector canape
canoe,vector canoe
canopy,allscripts canopy
captiva,emc captiva
captivate,adobe captivate
cardmap,paisley cardmap
casemap,lexisnexis casemap
cassandra,apache cassandra
catia,ibm catia
cengea,trimble cengea
central,quest central
cerius2,accelrys cerius2
cgh,lucia cgh
check processing control system cpsc,ibm check processing control system cpsc
checkcite,lexisnexis checkcite
checkout,google checkout
chemflux,rockware chemflux
chemical inventory system cis,chemsw chemical inventory system cis
chemoffice chem3d,perkinelmer chemoffice chem3d
chemoffice chemdraw,perkinelmer chemoffice chemdraw
chemoffice suite,perkinelmer chemoffice suite
chrome,google chrome
civil suite,carlson civil suite
clarity ppm,ca clarity ppm
clarity systems clarity,ibm clarity systems clarity
classroom,google classroom
clearsight analyzer,fluke clearsight analyzer
client acquisition solution,asi client acquisition solution
clinical,oracle clinical
closedloop clinical systems,mediware closedloop clinical systems
cnc,fanuc cnc
cocoa,apple cocoa
code recruitpoint.net,industrial code recruitpoint.net
codemaster,lexisnexis codemaster
cognos,ibm cognos
cognos business intelligence,ibm cognos business intelligence
cognos impromptu,ibm cognos impromptu
cognos planning,ibm cognos planning
cognos reportnet,ibm cognos reportnet
coldfusion,adobe coldfusion
collaborate,blackboard collaborate
colossus,csc colossus
combustion,autodesk combustion
comet assay,lucia comet assay
commerce server,microsoft commerce server
company analyzer,lexisnexis company analyzer
compiler,assisi compiler
complytrack,mediregs complytrack
compumark saegis,thomson compumark saegis
compute engine (gce),google compute engine (gce)
computer-aided design and manufacturing,delcam computer-aided design and manufacturing
concordance,lexisnexis concordance
concur,sap concur
confluence,atlassian confluence
construction anywhere,sage construction anywhere
content manager,ibm content manager
continuum,apache continuum
convertible bond @nalyst,techhackers convertible bond @nalyst
copathplus,cerner copathplus
coreldraw graphics suite,corel coreldraw graphics suite
corelscan,corel corelscan
corporation flukeview forms,fluke corporation flukeview forms
corporation powercenter,informatica corporation powercenter
costimater,ibm costimater
courtlink strategic profiles,lexisnexis courtlink strategic profiles
cpaaccounts payable,sage cpaaccounts payable
cpaaccounts receivable,sage cpaaccounts receivable
cpaclient checkbook,sage cpaclient checkbook
cpadocument manager,sage cpadocument manager
cpm4metals,abb cpm4metals
creative cloud,adobe creative cloud
creative solutions engagement cs,thomson creative solutions engagement cs
creative solutions financial analysis cs,thomson creative solutions financial analysis cs
credinomics,experian credinomics
credit @nalyst,techhackers credit @nalyst
creek software goldenseal,turtle creek software goldenseal
creek software goldenseal (accounting feature),turtle creek software goldenseal (accounting feature)
creek software goldenseal (calendar and scheduling feature),turtle creek software goldenseal (calendar and scheduling feature)
creek software goldenseal (time accounting feature),turtle creek software goldenseal (time accounting feature)
creek software goldenseal architect,turtle creek software goldenseal architect
creo elements/pro,ptc creo elements/pro
creo parametric,ptc creo parametric
crm,blackbaud crm
crosslog,rockware crosslog
crystal reports,sap crystal reports
crystal xcelsius,sap crystal xcelsius
customs management,sap customs management
darwin,oracle darwin
data explorer,informatica data explorer
data guard,oracle data guard
data integration server,sas data integration server
data integration studio,sas data integration studio
data integrator,oracle data integrator
data pipeline,amazon data pipeline
data software vetinfo,mobile data software vetinfo
data solutions duprocess,creative data solutions duprocess
datamyte gagemetrics,asi datamyte gagemetrics
datamyte qda,asi datamyte qda
dataprotector,hp dataprotector
db2,ibm db2
decipher,accelrys decipher
defender antivirus,microsoft defender antivirus
depthcon2000,rockware depthcon2000
design compiler,synopsys design compiler
design crystalwave,photon design crystalwave
design fimmprop,photon design fimmprop
design fimmwave,photon design fimmwave
design omnisim,photon design omnisim
design picwave,photon design picwave
difference time domain fdtd,finite difference time domain fdtd
digidesign pro tools,avid digidesign pro tools
digital analytics,ibm digital analytics
digital fieldbook,trimble digital fieldbook
directx,microsoft directx
distiller,adobe distiller
dms,sap dms
dns server,microsoft dns server
document sciences xpression,emc document sciences xpression
documentum,emc documentum
dog grooming software mgroomer,mobile dog grooming software mgroomer
domino,ibm domino
doubleclick,google doubleclick
drawberry,apple drawberry
dreamweaver,adobe dreamweaver
drive dms for accounting,adp drive dms for accounting
dvd studio pro,apple dvd studio pro
dynamics ax,microsoft dynamics ax
dynamics collabtive,open dynamics collabtive
dynamics crm,microsoft dynamics crm
dynamics erp,microsoft dynamics erp
dynamics gp,microsoft dynamics gp
dynamics ground loop design gld,thermal dynamics ground loop design gld
dynamics marketing,microsoft dynamics marketing
dynamics nav,microsoft dynamics nav
dynamics sl,microsoft dynamics sl
dynamodb,amazon dynamodb
e-business suite,oracle e-business suite
e-business suite financials,oracle e-business suite financials
e-business suite human resources management system,oracle e-business suite human resources management system
e-business suite logistics,oracle e-business suite logistics
e-business suite supply chain management,oracle e-business suite supply chain management
e-dition compliance monitor,mediregs e-dition compliance monitor
e-lms,open e-lms
earth pro,google earth pro
easytrieve report generator,ca easytrieve report generator
eclipse,schlumberger eclipse
ecotect,autodesk ecotect
ecotect analysis,autodesk ecotect analysis
edp payroll tax,sage edp payroll tax
ehr,allscripts ehr
ehs management,sap ehs management
elastic compute cloud ec2,amazon elastic compute cloud ec2
elastic container service ecs,amazon elastic container service ecs
elearning suite,adobe elearning suite
electrical formulas,conest electrical formulas
electronic design,synopsys electronic design
element analysis,finite element analysis
element analysis fea,finite element analysis fea
element method fem,finite element method fem
eloqua,oracle eloqua
employease,adp employease
empower 2,waters empower 2
empower chromatography data,waters empower chromatography data
encounter rtl compiler,cadence encounter rtl compiler
encounter test,cadence encounter test
endnote,thomson endnote
endpoint protection,symantec endpoint protection
energy and automation,siemens energy and automation
energy gatecycle,ge energy gatecycle
energy positive sequence load flow software pslf,ge energy positive sequence load flow software pslf
engineering abn assistant,yost engineering abn assistant
engineering claimscrub,yost engineering claimscrub
engineering codesearch pro,yost engineering codesearch pro
engineering epicoder,yost engineering epicoder
engineering epstaffcheck,yost engineering epstaffcheck
enterprise asset management eam,oracle enterprise asset management eam
enterprise etime,adp enterprise etime
"enterprise governance, risk, and compliance manager","oracle enterprise governance, risk, and compliance manager"
enterprise hr,adp enterprise hr
enterprise manager,oracle enterprise manager
enterprise manager cloud control,oracle enterprise manager cloud control
enterprise miner,sas enterprise miner
entourage,microsoft entourage
environmental ecorisk view,lakes environmental ecorisk view
environmental emissions view,lakes environmental emissions view
environmental isc-aermod view,lakes environmental isc-aermod view
environmental slab view,lakes environmental slab view
environmental software wrplot view,lakes environmental software wrplot view
epiccare inpatient clinical system,epic epiccare inpatient clinical system
erp accpac,sage erp accpac
erp baan,infor erp baan
erp financials,sap erp financials
erp human capital management,sap erp human capital management
erp operations,sap erp operations
erp syteline,infor erp syteline
erp visual,infor erp visual
erupt,rockware erupt
erwin data modeler,quest erwin data modeler
esp sdk,microsoft esp sdk
essbase,oracle essbase
etapestry,blackbaud etapestry
etime,adp etime
etrust,ca etrust
exotic @nalyst,techhackers exotic @nalyst
experience manager (aem),adobe experience manager (aem)
expression blend,microsoft expression blend
expression design,microsoft expression design
extensible application markup language (xaml),microsoft extensible application markup language (xaml)
ezlabormanager,adp ezlabormanager
eznet electronic communications network,ccc eznet electronic communications network
fanuc automation versapro,ge fanuc automation versapro
fanuc proficy machine edition,ge fanuc proficy machine edition
farm works,trimble farm works
fastexport,teradata fastexport
fastload,teradata fastload
fault evaluator,csc fault evaluator
featurecam,delcam featurecam
federated records management,ibm federated records management
felix,accelrys felix
fields opera-3d,vector fields opera-3d
file and serve,lexisnexis file and serve
filenet content manager,ibm filenet content manager
files crops,farm files crops
files livestock,farm files livestock
final cut express,apple final cut express
final cut pro,apple final cut pro
final cut studio,apple final cut studio
financial @nalyst,techhackers financial @nalyst
financial investext,thomson financial investext
financial systems addvantage,sungard financial systems addvantage
firstpix,rockware firstpix
fixed asset solution fas,sage fixed asset solution fas
flow manufacturing,oracle flow manufacturing
flume,apache flume
focus control assurance,paisley focus control assurance
foglight,quest foglight
forefront identify manager,microsoft forefront identify manager
forefront threat management gateway,microsoft forefront threat management gateway
framemaker,adobe framemaker
fraud and abuse management system,ibm fraud and abuse management system
fraudshield,experian fraudshield
freehand mx,adobe freehand mx
frontdesk,asi frontdesk
frontier,sungard frontier
frontpage,microsoft frontpage
frx,microsoft frx
fusion 360,autodesk fusion 360
fusion applications,oracle fusion applications
fusion middleware,oracle fusion middleware
garageband,apple garageband
gcp,google cloud
gempak,unidata gempak
gempak analysis and rendering program garp,unidata gempak analysis and rendering program garp
geochemist's workbench gwb,rockware geochemist's workbench gwb
geoframe,schlumberger geoframe
geomatics office,trimble geomatics office
geomedia transportation manager,intergraph geomedia transportation manager
geopak bridge,bentley geopak bridge
geopak civil engineering suite,bentley geopak civil engineering suite
geotrig,rockware geotrig
ghost solution suite,symantec ghost solution suite
giant trapcode particular,red giant trapcode particular
gis,epic gis
global solutions esite,infor global solutions esite
global solutions starbuilder,infor global solutions starbuilder
gmail,google gmail
golden gate,oracle golden gate
gosystem mytaxinfo,thomson gosystem mytaxinfo
gosystem tax,thomson gosystem tax
gps pathfinder office,trimble gps pathfinder office
gradix,rockware gradix
graphics bsdarchitect,mentor graphics bsdarchitect
graphics calibre,mentor graphics calibre
graphics expedition enterprise,mentor graphics expedition enterprise
graphics flowmaster,mentor graphics flowmaster
graphics geographix,landmark graphics geographix
graphics leonardospectrum,mentor graphics leonardospectrum
graphics library opengl,open graphics library opengl
graphics pads,mentor graphics pads
graphics precision rtl,mentor graphics precision rtl
graphics tow/cs,landmark graphics tow/cs
graphics vesys design,mentor graphics vesys design
graphics xpedition xdx designer,mentor graphics xpedition xdx designer
grav2dc,rockware grav2dc
great plains personal data keeper,microsoft great plains personal data keeper
groovy,apache groovy
guidepost decision support,ccc guidepost decision support
gump,apache gump
hadoop,apache hadoop
hadoop yarn,apache hadoop yarn
haestad methods civilstorm,bentley haestad methods civilstorm
handisoft handiledger,sage handisoft handiledger
hat ansible engine,red hat ansible engine
hat enterprise linux,red hat enterprise linux
hat openshift,red hat openshift
hat wildfly,red hat wildfly
hbase,apache hbase
hcis,meditech hcis
healthcare automation,allscripts healthcare automation
healthcare centricity emr,ge healthcare centricity emr
healthcare centricity laboratory,ge healthcare centricity laboratory
healthcare centricity laboratory anatomic pathology/cytology,ge healthcare centricity laboratory anatomic pathology/cytology
healthcare centricity laboratory transfusion medicine,ge healthcare centricity laboratory transfusion medicine
healthcare centricity practice solution,ge healthcare centricity practice solution
healthcare imagequant tl,ge healthcare imagequant tl
healthcare information system hcis,meditech healthcare information system hcis
healthcare logician,ge healthcare logician
healthcare viewpoint for radiology,ge healthcare viewpoint for radiology
healthcare viewpoint solutions,ge healthcare viewpoint solutions
hearing instruments practice navigator,siemens hearing instruments practice navigator
helix chemtree,golden helix chemtree
helix helixtree,golden helix helixtree
hercules,synopsys hercules
high level shader language hlsl,microsoft high level shader language hlsl
higher education banner financial aid,sungard higher education banner financial aid
higher education banner unified digital campus,sungard higher education banner unified digital campus
higher education powerfaids,sungard higher education powerfaids
hipchat,atlassian hipchat
hive,apache hive
horizon ambulatory care,mckesson horizon ambulatory care
horizon anatomic pathology,mckesson horizon anatomic pathology
horizon blood bank,mckesson horizon blood bank
horizon lab,mckesson horizon lab
horizon lab financials,mckesson horizon lab financials
horizon mobilecare phlebotomy,mckesson horizon mobilecare phlebotomy
hp graphics language hpgl,hewlett-packard hp graphics language hpgl
hp network node manager,hewlett-packard hp network node manager
hp openvms,hewlett-packard hp openvms
hp quicktest professional,hewlett-packard hp quicktest professional
hp semiconductor parameter analyzer,hewlett-packard hp semiconductor parameter analyzer
hp soliddesigner,hewlett-packard hp soliddesigner
hp testdirector for quality center,hewlett-packard hp testdirector for quality center
hp winrunner,hewlett-packard hp winrunner
hr/benefits solution,adp hr/benefits solution
hr/profile,adp hr/profile
hris,oracle hris
hrms,sage hrms
hsim,synopsys hsim
hsmworks,autodesk hsmworks
hspice,synopsys hspice
http server,apache http server
human capital application solution accelerator,adobe human capital application solution accelerator
hydropro,trimble hydropro
hyper-v server,microsoft hyper-v server
hyperion,oracle hyperion
hyperion financial management,oracle hyperion financial management
hyperion planning,oracle hyperion planning
hyperterminal,microsoft hyperterminal
i/ras b,bentley i/ras b
i2 analyst's notebook,ibm i2 analyst's notebook
i2 transportation manager,ibm i2 transportation manager
idms,ca idms
idvd,apple idvd
illustrator,adobe illustrator
ilog,ibm ilog
ilog cplex optimization studio,ibm ilog cplex optimization studio
ilog inventory analyst,ibm ilog inventory analyst
ilog logicnet plus xe,ibm ilog logicnet plus xe
image analyst,intergraph image analyst
image composite editor,microsoft image composite editor
imageready,adobe imageready
imagestation stereo softcopy kit ssk,intergraph imagestation stereo softcopy kit ssk
imovie,apple imovie
incisive enterprise simulator,cadence incisive enterprise simulator
incisive enterprise specman elite testbench,cadence incisive enterprise specman elite testbench
incopy,adobe incopy
indesign,adobe indesign
indoor climate simulation,thermal indoor climate simulation
industrial essentials,infor industrial essentials
information management system (ims),ibm information management system (ims)
information services academic search premier,ebsco information services academic search premier
information services library literature and information science index,ebsco information services library literature and information science index
information systems hcll donor,mediware information systems hcll donor
information systems hcll transfusion,mediware information systems hcll transfusion
information systems lifetrak,mediware information systems lifetrak
information systems medicoe,mediware information systems medicoe
information systems sunquest clinical financials,sunquest information systems sunquest clinical financials
information systems sunquest collection manager,sunquest information systems sunquest collection manager
information systems sunquest copathplus,sunquest information systems sunquest copathplus
information systems sunquest laboratory,sunquest information systems sunquest laboratory
information systems sunquest transfusion manager,sunquest information systems sunquest transfusion manager
information systems the agency advantage,advantage information systems the agency advantage
informix,ibm informix
infosphere datastage,ibm infosphere datastage
infosphere information server,ibm infosphere information server
infosphere warehouse,ibm infosphere warehouse
infotech codevisionavr,hp infotech codevisionavr
inroads suite,bentley inroads suite
inside reality,schlumberger inside reality
insight ii,accelrys insight ii
insurance compliance tracker,oracle insurance compliance tracker
integrated data viewer idv,unidata integrated data viewer idv
integrated software environment ise,xilinx integrated software environment ise
intellibid,conest intellibid
intellibid design build,conest intellibid design build
intelligent miner,ibm intelligent miner
intelligent platforms proficy hmi/scada ifix,ge intelligent platforms proficy hmi/scada ifix
interactive system productivity facility ispf,ibm interactive system productivity facility ispf
international visi-mould,vero international visi-mould
international visi-series,vero international visi-series
internet explorer,microsoft internet explorer
internet information services (iis),microsoft internet information services (iis)
internet information services (iis) manager,microsoft internet information services (iis) manager
intools,intergraph intools
intruder alert,symantec intruder alert
investment technology bonds xl,montgomery investment technology bonds xl
investment technology exotics xl,montgomery investment technology exotics xl
investment technology fintools,montgomery investment technology fintools
investment technology options xl,montgomery investment technology options xl
investment technology quotetools,montgomery investment technology quotetools
investment technology risk xl,montgomery investment technology risk xl
investment technology sigtools,montgomery investment technology sigtools
investment technology utility xl,montgomery investment technology utility xl
ionix network configuration manager,emc ionix network configuration manager
ios,apple ios
iphoto,apple iphoto
iplanet web server,oracle iplanet web server
iq,sap iq
iro @nalyst,techhackers iro @nalyst
ise foundation,xilinx ise foundation
iseries access,ibm iseries access
issuetrack,paisley issuetrack
iv assessor,apex iv assessor
iv fee appraiser,apex iv fee appraiser
iwork,apple iwork
iwork keynote,apple iwork keynote
iwork numbers,apple iwork numbers
iwork pages,apple iwork pages
java,oracle java
java 2 platform enterprise edition j2ee,oracle java 2 platform enterprise edition j2ee
java enterprise edition ee,oracle java enterprise edition ee
java message service jms,oracle java message service jms
javaserver pages jsp,oracle javaserver pages jsp
jd edwards enterpriseone,oracle jd edwards enterpriseone
jd edwards enterpriseone project management,oracle jd edwards enterpriseone project management
jdbc,oracle jdbc
jdeveloper,oracle jdeveloper
jira,atlassian jira
jlog,rockware jlog
jmeter,apache jmeter
jmp,sas jmp
job assessment,industrial job assessment
jobtrac,conest jobtrac
judicial enforcement management system jems,ibm judicial enforcement management system jems
kafka,apache kafka
karyo,lucia karyo
kinesis,amazon kinesis
kiodex risk workbench,sungard kiodex risk workbench
kipware m cnc,kentech kipware m cnc
kipware studio,kentech kipware studio
kipware t cnc,kentech kipware t cnc
kipware trig kalculator,kentech kipware trig kalculator
kipware x cnc,kentech kipware x cnc
kmv creditedge,moody's kmv creditedge
kmv decisions,moody's kmv decisions
kmv famas,moody's kmv famas
kmv financial analyst,moody's kmv financial analyst
kmv risk advisor,moody's kmv risk advisor
kmv risk analyst,moody's kmv risk analyst
knowledge cabmate,mobile knowledge cabmate
laboratory and microbiology,meditech laboratory and microbiology
laboratory document control system ldcs,chemsw laboratory document control system ldcs
laborforce arbitration/appeals manager module,laborsoft laborforce arbitration/appeals manager module
laborforce discipline manager module,laborsoft laborforce discipline manager module
laborforce eeo claims manager module,laborsoft laborforce eeo claims manager module
laborforce grievance manager module,laborsoft laborforce grievance manager module
laborforce incident tracking module,laborsoft laborforce incident tracking module
laborforce personnel manager module,laborsoft laborforce personnel manager module
laborforce reporting/dashboard manager module,laborsoft laborforce reporting/dashboard manager module
lacerte,intuit lacerte
land desktop,autodesk land desktop
lawson supply chain management,infor lawson supply chain management
learning management,oracle learning management
learning system,blackboard learning system
lexis advance,lexisnexis lexis advance
lexis back office,lexisnexis lexis back office
lexis front office,lexisnexis lexis front office
library and information science abstracts lisa,proquest library and information science abstracts lisa
"library, information science, and technology abstracts listsa","ebsco library, information science, and technology abstracts listsa"
lifecycle enterprise suite,adobe lifecycle enterprise suite
lifecycle es,adobe lifecycle es
lifecycle production print es3,adobe lifecycle production print es3
livemotion,adobe livemotion
livestate,symantec livestate
lockbox,sungard lockbox
logic pro,apple logic pro
looker analytics,google looker analytics
loss prevention,epicor loss prevention
lotus 1-2-3,ibm lotus 1-2-3
lotus approach,ibm lotus approach
lotus learningspace,ibm lotus learningspace
lotus notes,ibm lotus notes
lotus sametime,ibm lotus sametime
ls-dyna,ansys ls-dyna
luminate crm,blackbaud luminate crm
lytec,mckesson lytec
machine shop,kentech machine shop
macos,apple macos
macromedia homesite,adobe macromedia homesite
mahout,apache mahout
mainstage,apple mainstage
maintenance,sap maintenance
management software hay and crop manager,farm management software hay and crop manager
manufacturing scheduling,oracle manufacturing scheduling
manugistics,jda manugistics
mapguide,autodesk mapguide
maplex,esri maplex
mapobjects,esri mapobjects
mappoint,microsoft mappoint
mas 200 erp,sage mas 200 erp
mas 500,sage mas 500
mas 90 erp,sage mas 90 erp
mass spec tools,chemsw mass spec tools
masslynx,waters masslynx
master data management mdm,sap master data management mdm
master data management mdm suite,oracle master data management mdm suite
master planning,jda master planning
materials studio,accelrys materials studio
mathcad,ptc mathcad
matters patternstream,finite matters patternstream
maven,apache maven
maximo asset management,ibm maximo asset management
maya,autodesk maya
mbs @nalyst,techhackers mbs @nalyst
mcidas-x,unidata mcidas-x
media composer,avid media composer
medical and practice management mpm suite,meditech medical and practice management mpm suite
medical manager,sage medical manager
metaphase finder,lucia metaphase finder
mfish,lucia mfish
mge,intergraph mge
microhedge,sungard microhedge
micromodel,rockware micromodel
microscada pro dms,abb microscada pro dms
microscada pro sys,abb microscada pro sys
microstation,bentley microstation
microsystems cobalt,sun microsystems cobalt
microsystems java,sun microsystems java
microsystems java persistence api,sun microsystems java persistence api
microsystems java servlet api,sun microsystems java servlet api
microsystems sun one,sun microsystems sun one
middleware,ibm middleware
migration workbench,oracle migration workbench
millennium pathnet,cerner millennium pathnet
millennium pathnet blood bank transfusion,cerner millennium pathnet blood bank transfusion
millennium profit,cerner millennium profit
millennium32,waters millennium32
mind hypermill,open mind hypermill
mind software hypermill,open mind software hypermill
mind technologies hypermill,open mind technologies hypermill
minds rightwriter,elite minds rightwriter
mip fund accounting,sage mip fund accounting
mobile explorer mme,microsoft mobile explorer mme
mobilesketch,apex mobilesketch
modflow,rockware modflow
molecular modeling pro,chemsw molecular modeling pro
motionbuilder,autodesk motionbuilder
mri residential,intuit mri residential
mudbox,autodesk mudbox
multiphysics,ansys multiphysics
mvs,ibm mvs
mxnet,apache mxnet
mytopo terrain navigator pro,trimble mytopo terrain navigator pro
navisworks,autodesk navisworks
nbaccelerator,csc nbaccelerator
net manager,oracle net manager
netezza twinfin,ibm netezza twinfin
netmeeting,microsoft netmeeting
netsuite,oracle netsuite
netview,ibm netview
netweaver,sap netweaver
netweaver bw,sap netweaver bw
network common data form netcdf,unidata network common data form netcdf
network monitor,microsoft network monitor
networks enterprise lanmeter,fluke networks enterprise lanmeter
networks fluke techexpert,fluke networks fluke techexpert
networks techadvisor field access system,fluke networks techadvisor field access system
norton utilities,symantec norton utilities
notifind,sungard notifind
novius lab,siemens novius lab
nuclear mapcheck,sun nuclear mapcheck
nx,siemens nx
oci,oracle cloud
ocr-trace 8,corel ocr-trace 8
office document imaging,microsoft office document imaging
office frontpage,microsoft office frontpage
office live meeting,microsoft office live meeting
office mobile,microsoft office mobile
office outlook,microsoft office outlook
omnifile fulltext mega,ebsco omnifile fulltext mega
one advisor,thomson one advisor
onenote,microsoft onenote
onfolio,microsoft onfolio
oozie,apache oozie
openedge abl,progress openedge abl
openedge application server,progress openedge application server
openedge fathom replication,progress openedge fathom replication
optics opus,bruker optics opus
optimize it predict & control,abb optimize it predict & control
opus,cadence opus
orcad,cadence orcad
orcad pspice,cadence orcad pspice
outlook,microsoft outlook
packard exstream dialogue,hewlett packard exstream dialogue
packard hp project portfolio management solution,hewlett packard hp project portfolio management solution
packard hp-ux,hewlett packard hp-ux
packard loadrunner,hewlett packard loadrunner
packard quicktest professional,hewlett packard quicktest professional
pagemaker,adobe pagemaker
paint shop pro,corel paint shop pro
painter,corel painter
painter sketch pad,corel painter sketch pad
paradox,corel paradox
parallel transporter,teradata parallel transporter
pathfinder office,trimble pathfinder office
pathways appraisal quality solution,ccc pathways appraisal quality solution
pathways image management solution,ccc pathways image management solution
patient identification check,siemens patient identification check
pay expert,adp pay expert
payerpath,allscripts payerpath
pc/payroll,adp pc/payroll
pcanywhere,symantec pcanywhere
pclaw,lexisnexis pclaw
peachtree premium accounting for manufacturing,sage peachtree premium accounting for manufacturing
pentamation iepplus,sungard pentamation iepplus
peoplesoft,oracle peoplesoft
peoplesoft enterprise,oracle peoplesoft enterprise
peoplesoft enterprise employee self-service,oracle peoplesoft enterprise employee self-service
peoplesoft enterprise financial management solutions,oracle peoplesoft enterprise financial management solutions
peoplesoft enterprise human resources,oracle peoplesoft enterprise human resources
peoplesoft enterprise supply planning multi-site material planner,oracle peoplesoft enterprise supply planning multi-site material planner
peoplesoft financials,oracle peoplesoft financials
peoplesoft human capital management,oracle peoplesoft human capital management
peoplesoft payroll for north america,oracle peoplesoft payroll for north america
performance management suites,oracle performance management suites
permit trac,conest permit trac
personal geodatabase,esri personal geodatabase
persuasion,adobe persuasion
petrel e&p,schlumberger petrel e&p
pgp,symantec pgp
pharmaceutical regulation suite,mediregs pharmaceutical regulation suite
photo-paint,corel photo-paint
photoshop,adobe photoshop
photoshop lightroom,adobe photoshop lightroom
picture it!,microsoft picture it!
pipeline pilot,accelrys pipeline pilot
pipesim,schlumberger pipesim
pl/sql,oracle pl/sql
plan,rockware plan
planningstation,sungard planningstation
plans & software hvac calculator,quality plans & software hvac calculator
plant design system pds,intergraph plant design system pds
plantspace supportmodeler,bentley plantspace supportmodeler
platinum for windows pfw,sage platinum for windows pfw
plm,siemens plm
point of sale,asi point of sale
pos data management,sap pos data management
positioning services fledermaus,quality positioning services fledermaus
postscript,adobe postscript
power automate,microsoft power automate
power bi,microsoft power bi
power plant automation sppa,siemens power plant automation sppa
power platform,microsoft power platform
power systems,ibm power systems
powerbuilder,sap powerbuilder
powercenter,informatica powercenter
powerchart,cerner powerchart
powerdesigner,sap powerdesigner
powerpoint,microsoft powerpoint
powershape,autodesk powershape
powershell,microsoft powershell
powerworks practice management,cerner powerworks practice management
ppc e-tools suite,thomson ppc e-tools suite
practice management,epic practice management
practice plus,mckesson practice plus
prarie warehouse management,red prarie warehouse management
premiere pro,adobe premiere pro
primavera enterprise project portfolio management,oracle primavera enterprise project portfolio management
primavera p6 enterprise portfolio project management,oracle primavera p6 enterprise portfolio project management
primavera p6 professional project management,oracle primavera p6 professional project management
primavera systems,oracle primavera systems
primetime,synopsys primetime
pro tools,avid pro tools
pro/cable,ptc pro/cable
pro/engineer mechanica,ptc pro/engineer mechanica
pro/engineer wildfire,ptc pro/engineer wildfire
pro/intralink,ptc pro/intralink
pro/pipe,ptc pro/pipe
proclarity,microsoft proclarity
production manager and stock control,industrial production manager and stock control
proseries,intuit proseries
protalk,kentech protalk
psguard,abb psguard
pspice,cadence pspice
pss product suite,siemens pss product suite
public affairs information service (pais) database,proquest public affairs information service (pais) database
public sector ifas,sungard public sector ifas
publisher,microsoft publisher
publishing academic search premier,ebsco publishing academic search premier
publishing political science complete,ebsco publishing political science complete
pvti,schlumberger pvti
q-dis/qm lims,waters q-dis/qm lims
qaunta,accelrys qaunta
qradar siem,ibm qradar siem
quattropro,corel quattropro
quest,experian quest
quickbooks,intuit quickbooks
quickbooks point of sale,intuit quickbooks point of sale
quickboooks payments,intuit quickboooks payments
quicksyn,rockware quicksyn
quicktime,apple quicktime
radiation analysis system trasys,thermal radiation analysis system trasys
radiology manager,mckesson radiology manager
rational apex,ibm rational apex
rational application developer,ibm rational application developer
rational build forge,ibm rational build forge
rational clearcase,ibm rational clearcase
rational clearquest,ibm rational clearquest
rational data architect,ibm rational data architect
rational doors,ibm rational doors
rational functional tester,ibm rational functional tester
rational purifyplus,ibm rational purifyplus
rational requirements composer,ibm rational requirements composer
rational requisitepro,ibm rational requisitepro
rational robot,ibm rational robot
rational rose xde,ibm rational rose xde
rational system architect,ibm rational system architect
rcm++,reliasoft rcm++
real application cluster rac,oracle real application cluster rac
recovery manager,oracle recovery manager
redshift,amazon redshift
reference online,sage reference online
refworks,proquest refworks
refworks refshare,proquest refworks refshare
regulation and reimbursement suite,mediregs regulation and reimbursement suite
relius,sungard relius
remote data capture,oracle remote data capture
remote sensing,gamma remote sensing
replication server,sap replication server
reports,oracle reports
research survey system,creative research survey system
research systems the survey system,creative research systems the survey system
resource access control facility racf,ibm resource access control facility racf
retek,oracle retek
retention triggers,experian retention triggers
reuters clear,thomson reuters clear
reuters elite billing manager,thomson reuters elite billing manager
reuters elite enterprise,thomson reuters elite enterprise
reuters elite prolaw,thomson reuters elite prolaw
reuters endnote,thomson reuters endnote
reuters filecabinet cs,thomson reuters filecabinet cs
reuters gofileroom,thomson reuters gofileroom
reuters liquent coredossier submission accelerator for ectd,thomson reuters liquent coredossier submission accelerator for ectd
reuters liquent insight suite,thomson reuters liquent insight suite
reuters livenote stream,thomson reuters livenote stream
reuters paisley enterprise grc,thomson reuters paisley enterprise grc
reuters risk management,thomson reuters risk management
reuters tradeweb,thomson reuters tradeweb
reuters ultratax cs,thomson reuters ultratax cs
reuters web of science,thomson reuters web of science
reuters westlaw,thomson reuters westlaw
reuters westlaw edge,thomson reuters westlaw edge
reuters westlawnext,thomson reuters westlawnext
reuters westlawnext litigator,thomson reuters westlawnext litigator
revit,autodesk revit
revit architecture,autodesk revit architecture
risk assessment manager,mediregs risk assessment manager
riskcalc,moody's riskcalc
risknavigator,paisley risknavigator
riskwise,lexisnexis riskwise
robohelp,adobe robohelp
robotics arctool,fanuc robotics arctool
robotics diagnostic resource center drc,fanuc robotics diagnostic resource center drc
robotics dual check safety dcs position and speed check,fanuc robotics dual check safety dcs position and speed check
robotics handlingtool,fanuc robotics handlingtool
robotics ircalibration vision suite,fanuc robotics ircalibration vision suite
robotics irvision,fanuc robotics irvision
robotics multiarm systems,fanuc robotics multiarm systems
robotics spottool+,fanuc robotics spottool+
robotics through arc seam tracking tast,fanuc robotics through arc seam tracking tast
robotics torchmate 3,fanuc robotics torchmate 3
robotstudio,abb robotstudio
rock deltagraph,red rock deltagraph
rockpack iii,rockware rockpack iii
rockworks,rockware rockworks
rsa archer business continuity management,emc rsa archer business continuity management
saber,synopsys saber
sales log-istics,landmark sales log-istics
saleslogix,sage saleslogix
scaleform,autodesk scaleform
schematic composer,cadence schematic composer
scholar,google scholar
scientific dialog,thomson scientific dialog
scientific inet,industrial scientific inet
search ads 360,google search ads 360
security esssentials,microsoft security esssentials
security network intrusion prevention system,ibm security network intrusion prevention system
seisworks,landmark seisworks
self-service human resources,oracle self-service human resources
sensing & inspection technologies rhythm ut,ge sensing & inspection technologies rhythm ut
sewercad,bentley sewercad
shareplex,quest shareplex
sharepoint,microsoft sharepoint
sharepoint server,microsoft sharepoint server
shazam,apple shazam
shelxtl,siemens shelxtl
shepard's citations service,lexisnexis shepard's citations service
shortest path first ospf,open shortest path first ospf
siebel crm,oracle siebel crm
siebel marketing resource management,oracle siebel marketing resource management
siebel server sync,oracle siebel server sync
sienet sky,siemens sienet sky
sievegraph,rockware sievegraph
signature marketing group web master,advantage signature marketing group web master
silverlight,microsoft silverlight
simatic hmi,siemens simatic hmi
simatic step 7,siemens simatic step 7
simatic wincc,siemens simatic wincc
simple storage service s3,amazon simple storage service s3
simplicity sight survey,carlson simplicity sight survey
simply accounting,sage simply accounting
sinumerik cnc,siemens sinumerik cnc
site scan for arcgis,esri site scan for arcgis
siteminder,ca siteminder
sketchbook pro,autodesk sketchbook pro
sketchup pro,trimble sketchup pro
smartlinx,lexisnexis smartlinx
smartmarine 3d,intergraph smartmarine 3d
smarts network protocol manager,emc smarts network protocol manager
soarian financials,siemens soarian financials
soarian scheduling,siemens soarian scheduling
soft computer softa/r,scc soft computer softa/r
soft computer softbank,scc soft computer softbank
soft computer softdonor,scc soft computer softdonor
soft computer softlab,scc soft computer softlab
soft computer softpath,scc soft computer softpath
softdesk,autodesk softdesk
softimage,autodesk softimage
software acs animal control system,cisco software acs animal control system
software alphacam,vero software alphacam
software alphacam milling,vero software alphacam milling
software alphacam turning,vero software alphacam turning
software assisi inventory,assisi software assisi inventory
software assisi manager,assisi software assisi manager
software assisi resource,assisi software assisi resource
software chemdraw,chempute software chemdraw
software chiropractic advantage,advantage software chiropractic advantage
software configuration and library manager sclm,ibm software configuration and library manager sclm
software dpipe,elite software dpipe
software e-coord,elite software e-coord
software edgecam,vero software edgecam
software elite salon & spa management,elite software elite salon & spa management
software elite salon & spa payroll,elite software elite salon & spa payroll
software energy audit,elite software energy audit
software engineer's aide sinet,chempute software engineer's aide sinet
software estpro,chempute software estpro
software fire,elite software fire
software grapher,golden software grapher
software group advanced warehouse replenishment by e3,jda software group advanced warehouse replenishment by e3
software group assortment planning by arthur,jda software group assortment planning by arthur
software hsc chemistry,chempute software hsc chemistry
software hsym,elite software hsym
software inpoint,elite software inpoint
software lisa.lims,systat software lisa.lims
software machining strategist,vero software machining strategist
software outpoint,elite software outpoint
software peps,vero software peps
software physical therapy advantage,advantage software physical therapy advantage
software plumbing cad,elite software plumbing cad
software podiatry advantage,advantage software podiatry advantage
software psych advantage,advantage software psych advantage
software radan,vero software radan
software sage50,sage software sage50
software short,elite software short
software sigmaplot,systat software sigmaplot
software sigmastat,systat software sigmastat
software smirtsoftware,vero software smirtsoftware
software spipe,elite software spipe
software sprinkler cad,elite software sprinkler cad
software strater,golden software strater
software superpro designer,chempute software superpro designer
software surfcam,vero software surfcam
software surfer,golden software surfer
software systems labhealth,quality software systems labhealth
software tablecurve,systat software tablecurve
software total eclipse,advantage software total eclipse
software vdrop,elite software vdrop
software vectorcast,vector software vectorcast
software visi,vero software visi
software visimix,chempute software visimix
software voxler,golden software voxler
software worknc,vero software worknc
solaris,oracle solaris
solid edge,siemens solid edge
solr,apache solr
solutions cpa depreciation,creative solutions cpa depreciation
solutions extendedreach,cadence solutions extendedreach
solutions ultratax 1040,creative solutions ultratax 1040
solutions ultratax cs,creative solutions ultratax cs
song composer,open song composer
sonic esb,progress sonic esb
source matters joomla!,open source matters joomla!
source routing protocols ospf,open source routing protocols ospf
spark,apache spark
spectrum power tg,siemens spectrum power tg
spectrum powercc distribution management,siemens spectrum powercc distribution management
spss amos,ibm spss amos
spss answertree,ibm spss answertree
spss statistics,ibm spss statistics
sql developer,oracle sql developer
sql loader,oracle sql loader
sql optimizer for oracle,quest sql optimizer for oracle
sql plus,oracle sql plus
sql server,microsoft sql server
sql server compact,microsoft sql server compact
sql server integration services ssis,microsoft sql server integration services ssis
sql server reporting services ssrs,microsoft sql server reporting services ssrs
sqoop,apache sqoop
srm,epicor srm
ssa human capital management,infor ssa human capital management
staad,bentley staad
"sterling configure, price, quote","ibm sterling configure, price, quote"
stormcad,bentley stormcad
stratbugs,rockware stratbugs
strategy management,experian strategy management
struts,apache struts
subversion svn,apache subversion svn
sunrise,allscripts sunrise
super report writer,adp super report writer
surecount,conest surecount
survcadd,carlson survcadd
survce,carlson survce
survey,carlson survey
swap @nalyst,techhackers swap @nalyst
sweater marsedit,red sweater marsedit
sybase sql anywhere,sap sybase sql anywhere
symmetrix dmx,emc symmetrix dmx
synthesis technology xst,xilinx synthesis technology xst
synthesizer system tss,thermal synthesizer system tss
system center,microsoft system center
system ghs,creative system ghs
systemes abaqus,dassault systemes abaqus
systemes catia,dassault systemes catia
systemes dymola,dassault systemes dymola
systemes simulia abaqus fea,dassault systemes simulia abaqus fea
systemes solidworks,dassault systemes solidworks
systems autopipe,bentley systems autopipe
systems cisco netflow collection engine,cisco systems cisco netflow collection engine
systems cisco traffic analyzer,cisco systems cisco traffic analyzer
systems cisco web cache communication protocol wccp,cisco systems cisco web cache communication protocol wccp
systems ciscoworks,cisco systems ciscoworks
systems ciscoworks lan management solution,cisco systems ciscoworks lan management solution
systems corporation freight-link system,creative systems corporation freight-link system
systems gateway load balancing protocol glbp,cisco systems gateway load balancing protocol glbp
systems gint,bentley systems gint
systems hot standby router protocol hsrp,cisco systems hot standby router protocol hsrp
systems hsi profits series,micros systems hsi profits series
systems incorporated safety tagging system,quality systems incorporated safety tagging system
systems inroads suite,bentley systems inroads suite
systems international winlims,quality systems international winlims
systems management server,microsoft systems management server
systems micros 9700 hms,micros systems micros 9700 hms
systems opera enterprise solution oes,micros systems opera enterprise solution oes
systems opera property management system pms,micros systems opera property management system pms
systems projectwise,bentley systems projectwise
systems ss-die design,striker systems ss-die design
systems ss-draw form,striker systems ss-draw form
systems ss-profile,striker systems ss-profile
systems ss-punch,striker systems ss-punch
systems ss-strip design,striker systems ss-strip design
systems traverse,open systems traverse
systems vpn client,cisco systems vpn client
systems wan manager,cisco systems wan manager
systems wireless control system wcs,cisco systems wireless control system wcs
systems yardi enterprise,yardi systems yardi enterprise
systems yardi voyager commercial,yardi systems yardi voyager commercial
"systems yardi voyager condo, co-op, and hoa","yardi systems yardi voyager condo, co-op, and hoa"
systems yardi voyager residential,yardi systems yardi voyager residential
t&m billing manager,conest t&m billing manager
tag manager,google tag manager
taleo,oracle taleo
taurus medici,synopsys taurus medici
team foundation server,microsoft team foundation server
teamcenter,siemens teamcenter
technologies ca clarity ppm for it governance,ca technologies ca clarity ppm for it governance
technologies erwin data modeler,ca technologies erwin data modeler
technologies gt-suite,gamma technologies gt-suite
technology audio visual editing,avid technology audio visual editing
technology inews,avid technology inews
technology media composer,avid technology media composer
technology newscutter,avid technology newscutter
technology pinnacle studio,avid technology pinnacle studio
technology pro tools,avid technology pro tools
technology sibelius,avid technology sibelius
teleperm,siemens teleperm
terraform,ibm terraform
terramodel,trimble terramodel
terrasync,trimble terrasync
tetramax atpg,synopsys tetramax atpg
"text fax server, rightfax edition","open text fax server, rightfax edition"
text web solutions,open text web solutions
the education edge,blackbaud the education edge
the financial edge,blackbaud the financial edge
the raiser's edge,blackbaud the raiser's edge
time matters,lexisnexis time matters
tivoli,ibm tivoli
tivoli access management tam,ibm tivoli access management tam
tivoli identity management tim,ibm tivoli identity management tim
tivoli netview distribution manager,ibm tivoli netview distribution manager
tl2000 solution,ccc tl2000 solution
tmrtool,xilinx tmrtool
tomcat,apache tomcat
topobase,autodesk topobase
total quality control management,microsoft total quality control management
total search,lexisnexis total search
tpump,teradata tpump
transact sm,experian transact sm
transact-structural query language t-sql,microsoft transact-structural query language t-sql
translate client,google translate client
transportation data manager,bentley transportation data manager
turbochrom,perkinelmer turbochrom
turbomass,perkinelmer turbomass
turbotax,intuit turbotax
ugs jack,siemens ugs jack
ugs nx,siemens ugs nx
ulead dvd workshop,corel ulead dvd workshop
uncertainty pro,chemsw uncertainty pro
unica enterprise,ibm unica enterprise
unified directory,oracle unified directory
universal content management,oracle universal content management
vantage erp,epicor vantage erp
vego,rockware vego
ventura,corel ventura
veritas file system,symantec veritas file system
veritas netbackup,symantec veritas netbackup
veritas volume manager,symantec veritas volume manager
virtuoso layout suite,cadence virtuoso layout suite
virtuoso spectre circuit simulator,cadence virtuoso spectre circuit simulator
visio,microsoft visio
vista erp,epicor vista erp
visual basic,microsoft visual basic
visual basic for applications vba,microsoft visual basic for applications vba
visual basic scripting edition vbscript,microsoft visual basic scripting edition vbscript
visual basic.net,microsoft visual basic.net
visual basic.net compact framework cf,microsoft visual basic.net compact framework cf
visual c# .net,microsoft visual c# .net
visual cafe,symantec visual cafe
visual foxpro,microsoft visual foxpro
visual interdev,microsoft visual interdev
visual j++,microsoft visual j++
visual sourcesafe,microsoft visual sourcesafe
visual studio,microsoft visual studio
visual studio test professional,microsoft visual studio test professional
visual studio.net,microsoft visual studio.net
visual stunt,rockware visual stunt
viz,autodesk viz
volume shadow copy service,microsoft volume shadow copy service
warehouse builder,oracle warehouse builder
waste assay system gwas,gamma waste assay system gwas
watercad,bentley watercad
web services aws,amazon web services aws
web services aws cloudformation,amazon web services aws cloudformation
web services aws sagemaker,amazon web services aws sagemaker
webdraw,corel webdraw
webex,cisco webex
webinspect,hp webinspect
weblogic server,oracle weblogic server
webmaster tools,google webmaster tools
webplaid,sungard webplaid
webspeed workshop,progress webspeed workshop
websphere,ibm websphere
websphere mq,ibm websphere mq
weibull++ 6,reliasoft weibull++ 6
west cowles estate practice system,thomson west cowles estate practice system
west findlaw,thomson west findlaw
west livenote,thomson west livenote
west prolaw,thomson west prolaw
wimba,blackboard wimba
windchill,ptc windchill
windows,microsoft windows
windows mobile,microsoft windows mobile
windows movie maker,microsoft windows movie maker
windows powershell,microsoft windows powershell
windows pre-installation environment,microsoft windows pre-installation environment
windows sdk,microsoft windows sdk
windows server,microsoft windows server
windows sysprep,microsoft windows sysprep
windows terminal services access manager,microsoft windows terminal services access manager
windows vista business,microsoft windows vista business
windows xp,microsoft windows xp
windows xp professional,microsoft windows xp professional
wing software centerpoint accounting for agriculture,red wing software centerpoint accounting for agriculture
winsism,rockware winsism
winzip,corel winzip
wireless network infrastructure,mobile wireless network infrastructure
wms,epicor wms
wordperfect office suite,corel wordperfect office suite
workforce now,adp workforce now
works site pro,farm works site pro
works software trac,farm works software trac
worldwide political science abstracts,proquest worldwide political science abstracts
xbr loss prevention,micros xbr loss prevention
xfmea,reliasoft xfmea
xsan,apple xsan
z/os operating systems,ibm z/os operating systems
